[
  {
    "name": "content",
    "email": "akash.kevat@minewyork.in",
    "message": "test",
    "date": "31/8/2023"
  },
  {
    "name": "content",
    "email": "akash.kevat@minewyork.in",
    "message": "test",
    "date": "31/8/2023"
  },
  {
    "name": "slug",
    "email": "admin@minewyork.com",
    "message": "ff",
    "date": "31/8/2023"
  },
  {
    "name": "slug",
    "email": "admin@minewyork.com",
    "message": "ff",
    "date": "31/8/2023"
  },
  {
    "name": "title",
    "email": "ddsesd@ddse.in",
    "message": "fesefetse",
    "date": "31/8/2023"
  },
  {
    "name": "slug",
    "email": "meet@tingmail.in",
    "message": "fdfd",
    "date": "31/8/2023"
  },
  {
    "name": "content",
    "email": "meet@tingmail.in",
    "message": "ffdfds",
    "date": "31/8/2023"
  },
  {
    "name": "content",
    "email": "meet@tingmail.in",
    "message": "hjgdr",
    "date": "31/8/2023"
  },
  {
    "name": "title",
    "email": "meet@tingmail.in",
    "message": "ffdrdfrdf",
    "date": "31/8/2023"
  },
  {
    "name": "siddharth",
    "email": "siddharthkp68@gmail.com",
    "message": "ss",
    "date": "2/3/2024"
  }
]